EXP_INFO, , ,Checkpoint,ckpt/0301/22_base05_ModelSeqMaskV2/, , ,Config,ckpt/0301/22_base05_ModelSeqMaskV2/config.yaml, , ,Arg,"train.py --config ckpt/0301/22_base05_ModelSeqMaskV2/config.yaml -c ckpt/0301/22_base05_ModelSeqMaskV2/ -gpu 4,5,6,7 -bs 152 -normalize_2d 0 -normalize_3d 0", , ,PID,3997414
 , , , , , , , , , , , , , , , , 
Epoch,lr,train_loss,H36M_3D, , , , , , , , , , , , , , , , , , , , , , , , , , , , , ,AMASS, , , , , , , , , , , , , , , , ,PW3D_MESH, , , , , , , , , , , , , , , , 
 , , ,PE, , , , , , , , , , , , , , , ,MP, , , , ,FPE, , , , ,MC, ,MIB, ,PE, , ,MP, , , , ,FPE, , , , ,MC, ,MIB, ,PE, , ,MP, , , , ,FPE, , , , ,MC, ,MIB, 
 , , ,Avg,Direction,Discuss,Eating,Greet,Phone,Photo,Pose,Purchase,Sitting,SittingDown,Smoke,Wait,Walk,WalkDog,WalkTwo,Avg,0,5,10,15,Avg,0,5,10,15,Avg,0.4,Avg,0.4,Avg,0,15,Avg,0,5,10,15,Avg,0,5,10,15,Avg,0.4,Avg,0.4,Avg,0,15,Avg,0,5,10,15,Avg,0,5,10,15,Avg,0.4,Avg,0.4
1,0.00020000,0.19289,271.94,247.62,261.88,272.57,266.46,263.33,289.32,248.48,308.23,300.2,335.23,258.8,255.7,232.78,287.09,251.36,117.08,116.17,116.74,117.38,118.04,126.69,126.3,126.53,126.82,127.13,216.26,216.26,122.92,122.92,226.21,226.1,226.32,214.85,211.82,213.82,215.92,217.84,229.26,226.86,228.44,230.11,231.64,462.02,462.02,219.65,219.65,281.67,281.79,281.54,221.97,218.93,221.2,223.4,224.37,282.61,281.58,282.25,283.01,283.59,368.76,368.76,230.95,230.95
2,0.00019800,0.17517,438.59,448.74,442.79,432.26,461.9,414.99,468.86,447.6,473.45,413.51,407.71,410.61,436.39,418.76,454.72,446.59,204.13,204.29,204.18,204.08,203.96,204.13,204.29,204.18,204.08,203.96,214.76,214.76,204.43,204.43,418.22,418.13,418.32,418.04,418.28,418.09,417.94,417.85,418.04,418.28,418.09,417.94,417.85,441.86,441.86,418.32,418.32,421.78,421.78,421.77,421.78,421.82,421.8,421.74,421.77,421.78,421.82,421.8,421.74,421.77,445.87,445.87,421.72,421.72
3,0.00019602,0.31881,440.25,451.0,443.31,434.95,463.74,417.72,470.67,449.57,472.28,416.4,410.13,413.05,437.92,420.13,454.5,448.39,204.65,204.81,204.7,204.6,204.48,204.65,204.81,204.7,204.6,204.48,215.65,215.65,204.95,204.95,418.42,418.33,418.52,418.24,418.48,418.29,418.14,418.05,418.24,418.48,418.29,418.14,418.05,442.41,442.41,418.52,418.52,422.64,422.65,422.64,422.65,422.69,422.67,422.61,422.64,422.65,422.69,422.67,422.61,422.64,447.18,447.18,422.59,422.59
