EXP_INFO, , ,Checkpoint,ckpt/0301/10_base05_ModelGlobalv2/, , ,Config,ckpt/0301/10_base05_ModelGlobalv2/config.yaml, , ,Arg,"train.py --config ckpt/0301/10_base05_ModelGlobalv2/config.yaml -c ckpt/0301/10_base05_ModelGlobalv2/ -gpu 4,5 -bs 376 -normalize_2d 0 -normalize_3d 0", , ,PID,802046
 , , , , , , , , , , , , , , , , 
Epoch,lr,train_loss,H36M_3D, , , , , , , , , , , , , , , , , , , , , , , , , , , , , ,AMASS, , , , , , , , , , , , , , , , ,PW3D_MESH, , , , , , , , , , , , , , , , 
 , , ,PE, , , , , , , , , , , , , , , ,MP, , , , ,FPE, , , , ,MC, ,MIB, ,PE, , ,MP, , , , ,FPE, , , , ,MC, ,MIB, ,PE, , ,MP, , , , ,FPE, , , , ,MC, ,MIB, 
 , , ,Avg,Direction,Discuss,Eating,Greet,Phone,Photo,Pose,Purchase,Sitting,SittingDown,Smoke,Wait,Walk,WalkDog,WalkTwo,Avg,0,5,10,15,Avg,0,5,10,15,Avg,0.4,Avg,0.4,Avg,0,15,Avg,0,5,10,15,Avg,0,5,10,15,Avg,0.4,Avg,0.4,Avg,0,15,Avg,0,5,10,15,Avg,0,5,10,15,Avg,0.4,Avg,0.4
1,0.00020000,0.32758,436.18,443.77,444.88,425.04,458.22,407.98,464.62,444.07,482.39,406.49,403.46,405.36,434.83,417.91,460.07,443.6,204.36,204.5,204.41,204.31,204.21,204.36,204.5,204.41,204.31,204.21,213.47,213.47,204.64,204.64,417.45,417.35,417.54,417.27,417.51,417.32,417.17,417.08,417.27,417.51,417.32,417.17,417.08,439.46,439.46,417.54,417.54,420.7,420.71,420.69,420.77,420.81,420.72,420.8,420.76,420.77,420.81,420.72,420.8,420.76,443.11,443.11,420.68,420.68
2,0.00019800,0.30860,443.26,450.27,452.83,431.34,465.1,414.78,472.09,450.84,491.02,412.83,410.32,412.1,442.09,425.52,467.73,450.07,208.3,208.45,208.35,208.26,208.15,208.3,208.45,208.35,208.26,208.15,216.73,216.73,208.59,208.59,420.55,420.45,420.65,420.41,420.62,420.45,420.32,420.25,420.41,420.62,420.45,420.32,420.25,441.89,441.89,420.64,420.64,421.89,421.89,421.88,421.96,422.01,421.92,421.97,421.93,421.96,422.01,421.92,421.97,421.93,443.44,443.44,421.87,421.87
