EXP_INFO, , ,Checkpoint,ckpt/0301/16_base05_ModelMaskRecon/, , ,Config,ckpt/0301/16_base05_ModelMaskRecon/config.yaml, , ,Arg,"train.py --config ckpt/0301/16_base05_ModelMaskRecon/config.yaml -c ckpt/0301/16_base05_ModelMaskRecon/ -gpu 4,5,6,7 -bs 768 -normalize_2d 0 -normalize_3d 0", , ,PID,1094737
 , , , , , , , , , , , , , , , , 
Epoch,lr,train_loss,H36M_3D, , , , , , , , , , , , , , , , , , , , , , , , , , , , , ,AMASS, , , , , , , , , , , , , , , , ,PW3D_MESH, , , , , , , , , , , , , , , , 
 , , ,PE, , , , , , , , , , , , , , , ,MP, , , , ,FPE, , , , ,MC, ,MIB, ,PE, , ,MP, , , , ,FPE, , , , ,MC, ,MIB, ,PE, , ,MP, , , , ,FPE, , , , ,MC, ,MIB, 
 , , ,Avg,Direction,Discuss,Eating,Greet,Phone,Photo,Pose,Purchase,Sitting,SittingDown,Smoke,Wait,Walk,WalkDog,WalkTwo,Avg,0,5,10,15,Avg,0,5,10,15,Avg,0.4,Avg,0.4,Avg,0,15,Avg,0,5,10,15,Avg,0,5,10,15,Avg,0.4,Avg,0.4,Avg,0,15,Avg,0,5,10,15,Avg,0,5,10,15,Avg,0.4,Avg,0.4
1,0.00020000,0.33150,178.67,147.79,174.59,183.7,163.36,175.15,188.4,140.52,230.81,212.79,238.9,170.96,164.28,143.16,194.76,150.82,56.23,50.97,54.3,58.02,61.65,87.59,85.27,86.68,88.34,90.06,167.01,167.01,53.08,53.08,149.39,151.95,146.83,92.61,71.51,86.76,100.54,111.64,163.02,149.48,158.93,168.04,175.63,232.76,232.76,70.16,70.16,243.52,243.86,243.19,85.05,71.56,81.09,90.51,97.03,245.82,243.93,245.09,246.55,247.71,380.35,380.35,74.76,74.76
2,0.00019800,0.14019,196.26,168.63,185.47,208.36,183.54,197.55,205.55,161.04,232.93,236.07,257.23,192.1,182.39,160.83,201.36,170.79,65.56,60.6,63.66,67.22,70.76,95.62,93.49,94.76,96.3,97.93,148.38,148.38,60.46,60.46,152.64,155.33,149.94,97.85,77.59,92.07,105.43,116.3,165.42,152.4,161.41,170.24,177.63,221.8,221.8,71.8,71.8,245.77,246.27,245.27,86.5,72.42,82.29,92.18,99.12,247.83,245.85,247.05,248.61,249.8,369.79,369.79,69.09,69.09
