EXP_INFO, , ,Checkpoint,ckpt/0301/21_base05_trainstride8/, , ,Config,ckpt/0301/21_base05_trainstride8/config.yaml, , ,Arg,train.py --config ckpt/0301/21_base05_trainstride8/config.yaml -c ckpt/0301/21_base05_trainstride8/ -gpu 0 -bs 320 -normalize_2d 0 -normalize_3d 0, , ,PID,605673
 , , , , , , , , , , , , , , , , 
Epoch,lr,train_loss,H36M_3D, , , , , , , , , , , , , , , , , , , , , , , , , , , , , ,AMASS, , , , , , , , , , , , , , , , ,PW3D_MESH, , , , , , , , , , , , , , , , 
 , , ,PE, , , , , , , , , , , , , , , ,MP, , , , ,FPE, , , , ,MC, ,MIB, ,PE, , ,MP, , , , ,FPE, , , , ,MC, ,MIB, ,PE, , ,MP, , , , ,FPE, , , , ,MC, ,MIB, 
 , , ,Avg,Direction,Discuss,Eating,Greet,Phone,Photo,Pose,Purchase,Sitting,SittingDown,Smoke,Wait,Walk,WalkDog,WalkTwo,Avg,0,5,10,15,Avg,0,5,10,15,Avg,0.4,Avg,0.4,Avg,0,15,Avg,0,5,10,15,Avg,0,5,10,15,Avg,0.4,Avg,0.4,Avg,0,15,Avg,0,5,10,15,Avg,0,5,10,15,Avg,0.4,Avg,0.4
1,0.00020000,0.08239,68.69,54.91,64.33,64.14,64.05,68.01,83.28,58.27,70.92,73.28,92.4,66.95,65.35,63.3,76.81,64.35,18.57,13.69,14.99,19.73,25.88,36.36,32.17,34.03,37.58,41.67,47.15,47.15,88.83,88.83,36.34,39.88,32.81,35.72,22.65,25.55,38.28,56.4,48.48,38.02,39.55,50.2,66.17,61.3,61.3,137.75,137.75,222.48,226.79,218.17,57.5,26.8,43.12,69.8,90.28,222.72,217.89,219.8,224.45,228.74,225.61,225.61,157.31,157.31
2,0.00019800,0.02479,55.23,48.58,52.14,49.86,51.09,57.74,67.74,50.36,48.65,66.29,76.82,56.86,51.91,44.58,57.87,47.96,10.19,5.56,7.36,11.3,16.54,31.6,28.16,29.76,32.44,36.04,34.46,34.46,68.08,68.08,22.42,22.43,22.41,19.36,8.01,13.51,22.68,33.24,32.68,25.13,27.93,34.53,43.12,44.78,44.78,105.61,105.61,224.66,229.32,220.0,46.46,11.59,34.16,59.59,80.5,221.38,217.86,219.33,222.33,226.02,243.12,243.12,125.86,125.86
3,0.00019602,0.01840,54.61,47.42,54.56,46.97,50.27,54.97,65.45,49.59,51.82,63.46,78.32,53.62,53.47,43.89,58.26,47.03,9.14,4.69,6.35,10.3,15.24,29.96,26.64,28.08,30.82,34.3,31.02,31.02,54.92,54.92,20.25,20.31,20.19,17.43,7.19,12.16,20.36,29.99,29.57,22.44,25.24,31.33,39.28,40.53,40.53,129.73,129.73,225.38,229.3,221.47,45.64,10.16,33.08,59.14,80.19,221.3,217.24,218.97,222.43,226.58,211.25,211.25,147.37,147.37
