EXP_INFO, , ,Checkpoint,ckpt/0301/11_base05_ModelRes/, , ,Config,ckpt/0301/11_base05_ModelRes/config.yaml, , ,Arg,"train.py --config ckpt/0301/11_base05_ModelRes/config.yaml -c ckpt/0301/11_base05_ModelRes/ -gpu 6,7 -bs 384 -normalize_2d 0 -normalize_3d 0", , ,PID,846380
 , , , , , , , , , , , , , , , , 
Epoch,lr,train_loss,H36M_3D, , , , , , , , , , , , , , , , , , , , , , , , , , , , , ,AMASS, , , , , , , , , , , , , , , , ,PW3D_MESH, , , , , , , , , , , , , , , , 
 , , ,PE, , , , , , , , , , , , , , , ,MP, , , , ,FPE, , , , ,MC, ,MIB, ,PE, , ,MP, , , , ,FPE, , , , ,MC, ,MIB, ,PE, , ,MP, , , , ,FPE, , , , ,MC, ,MIB, 
 , , ,Avg,Direction,Discuss,Eating,Greet,Phone,Photo,Pose,Purchase,Sitting,SittingDown,Smoke,Wait,Walk,WalkDog,WalkTwo,Avg,0,5,10,15,Avg,0,5,10,15,Avg,0.4,Avg,0.4,Avg,0,15,Avg,0,5,10,15,Avg,0,5,10,15,Avg,0.4,Avg,0.4,Avg,0,15,Avg,0,5,10,15,Avg,0,5,10,15,Avg,0.4,Avg,0.4
1,0.00020000,0.16838,178.56,156.4,163.55,194.07,166.82,183.02,184.83,148.27,202.93,220.69,236.01,178.24,164.88,146.93,172.6,159.24,44.8,44.66,44.73,44.86,44.95,91.04,91.0,91.03,91.05,91.09,380.91,380.91,213.61,213.61,124.6,124.61,124.59,89.08,89.46,88.93,88.87,89.06,158.53,158.78,158.38,158.38,158.58,780.62,780.62,424.05,424.05,253.92,254.18,253.67,71.71,72.26,72.0,72.65,69.94,257.93,258.01,258.0,258.15,257.57,455.77,455.77,430.41,430.41
2,0.00019800,0.12686,172.25,151.72,162.98,181.83,163.99,172.57,183.58,140.52,208.19,206.09,224.64,167.25,162.57,137.05,171.94,148.89,45.4,45.23,45.3,45.47,45.6,86.88,86.83,86.85,86.88,86.94,374.74,374.74,209.52,209.52,127.9,127.9,127.89,90.08,90.42,89.93,89.9,90.08,161.0,161.31,160.86,160.82,161.0,1039.66,1039.66,422.65,422.65,247.93,248.19,247.67,72.41,73.05,72.91,73.29,70.4,251.97,252.05,252.07,252.19,251.55,454.71,454.71,425.34,425.34
