EXP_INFO, , ,Checkpoint,ckpt/0301/05_base00_NoNorm, , ,Config,ckpt/0301/00_Norm2d3d_NoAug/01_func333_model06_T16_DataTask00.yaml, , ,Arg,"train.py --config ckpt/0301/00_Norm2d3d_NoAug/01_func333_model06_T16_DataTask00.yaml -c ckpt/0301/05_base00_NoNorm -gpu 6,7 -bs 384 -normalize_2d 0 -normalize_3d 0", , ,PID,608497
 , , , , , , , , , , , , , , , , 
Epoch,lr,train_loss,H36M_3D, , , , , , , , , , , , , , , , , , , , , , , , , , , , , ,AMASS, , , , , , , , , , , , , , , , ,PW3D_MESH, , , , , , , , , , , , , , , , 
 , , ,PE, , , , , , , , , , , , , , , ,MP, , , , ,FPE, , , , ,MC, ,MIB, ,PE, , ,MP, , , , ,FPE, , , , ,MC, ,MIB, ,PE, , ,MP, , , , ,FPE, , , , ,MC, ,MIB, 
 , , ,Avg,Direction,Discuss,Eating,Greet,Phone,Photo,Pose,Purchase,Sitting,SittingDown,Smoke,Wait,Walk,WalkDog,WalkTwo,Avg,0,5,10,15,Avg,0,5,10,15,Avg,0.4,Avg,0.4,Avg,0,15,Avg,0,5,10,15,Avg,0,5,10,15,Avg,0.4,Avg,0.4,Avg,0,15,Avg,0,5,10,15,Avg,0,5,10,15,Avg,0.4,Avg,0.4
1,0.00020000,0.20204,213.05,175.65,195.13,226.13,198.74,214.21,239.74,171.9,256.13,263.08,295.09,205.1,190.76,160.84,226.8,176.53,101.65,102.84,102.01,101.22,100.53,102.02,100.97,101.61,102.36,103.15,139.5,139.5,117.41,117.41,167.38,167.37,167.39,177.92,185.93,181.01,175.32,169.44,177.47,169.2,174.94,180.48,185.26,204.02,204.02,210.17,210.17,250.17,250.15,250.19,180.44,184.79,182.34,179.22,175.42,251.76,249.5,250.99,252.61,253.95,277.83,277.83,210.55,210.55
2,0.00019800,0.08971,88.02,69.81,75.87,79.73,86.81,84.29,110.87,74.51,92.59,97.99,124.28,81.0,85.18,78.95,94.15,84.29,44.74,49.62,46.35,43.02,39.95,47.64,43.01,45.93,49.18,52.43,68.63,68.63,88.74,88.74,65.96,66.16,65.76,86.21,101.35,92.43,81.54,69.51,85.44,68.87,80.77,91.65,100.47,102.52,102.52,175.95,175.95,222.62,222.77,222.48,111.54,123.34,116.53,107.95,98.33,227.96,223.34,226.36,229.62,232.51,228.04,228.04,210.61,210.61
